{
  "$schema": "http://json-schema.org/draft-07/schema#",
  "title": "QueryMsg",
  "oneOf": [
    {
      "description": "Returns the current Instance Id",
      "type": "object",
      "required": [
        "get_instance_id"
      ],
      "properties": {
        "get_instance_id": {
          "type": "object",
          "additionalProperties": false
        }
      },
      "additionalProperties": false
    },
    {
      "description": "Returns the current Bls Public Key",
      "type": "object",
      "required": [
        "get_bls_key"
      ],
      "properties": {
        "get_bls_key": {
          "type": "object",
          "additionalProperties": false
        }
      },
      "additionalProperties": false
    }
  ]
}
