{
  "contract_name": "cw-supra-vrf",
  "contract_version": "0.1.0",
  "idl_version": "1.0.0",
  "instantiate": {
    "$schema": "http://json-schema.org/draft-07/schema#",
    "title": "InstantiateMsg",
    "type": "object",
    "required": [
      "bls_key"
    ],
    "properties": {
      "bls_key": {
        "type": "array",
        "items": {
          "type": "integer",
          "format": "uint8",
          "minimum": 0.0
        },
        "maxItems": 192,
        "minItems": 192
      }
    },
    "additionalProperties": false
  },
  "execute": {
    "$schema": "http://json-schema.org/draft-07/schema#",
    "title": "ExecuteMsg",
    "oneOf": [
      {
        "type": "object",
        "required": [
          "rng_request"
        ],
        "properties": {
          "rng_request": {
            "type": "object",
            "required": [
              "callback_msg",
              "client_seed",
              "num_confirmations",
              "rng_cnt"
            ],
            "properties": {
              "callback_msg": {
                "type": "string"
              },
              "client_seed": {
                "type": "integer",
                "format": "uint64",
                "minimum": 0.0
              },
              "num_confirmations": {
                "type": "integer",
                "format": "uint64",
                "minimum": 0.0
              },
              "rng_cnt": {
                "type": "integer",
                "format": "uint8",
                "minimum": 0.0
              }
            },
            "additionalProperties": false
          }
        },
        "additionalProperties": false
      },
      {
        "type": "object",
        "required": [
          "verify_callback"
        ],
        "properties": {
          "verify_callback": {
            "type": "object",
            "required": [
              "msg",
              "sig"
            ],
            "properties": {
              "msg": {
                "$ref": "#/definitions/VerifyCallbackMsg"
              },
              "sig": {
                "type": "array",
                "items": {
                  "type": "integer",
                  "format": "uint8",
                  "minimum": 0.0
                },
                "maxItems": 96,
                "minItems": 96
              }
            },
            "additionalProperties": false
          }
        },
        "additionalProperties": false
      }
    ],
    "definitions": {
      "Addr": {
        "description": "A human readable address.\n\nIn Cosmos, this is typically bech32 encoded. But for multi-chain smart contracts no assumptions should be made other than being UTF-8 encoded and of reasonable length.\n\nThis type represents a validated address. It can be created in the following ways 1. Use `Addr::unchecked(input)` 2. Use `let checked: Addr = deps.api.addr_validate(input)?` 3. Use `let checked: Addr = deps.api.addr_humanize(canonical_addr)?` 4. Deserialize from JSON. This must only be done from JSON that was validated before such as a contract's state. `Addr` must not be used in messages sent by the user because this would result in unvalidated instances.\n\nThis type is immutable. If you really need to mutate it (Really? Are you sure?), create a mutable copy using `let mut mutable = Addr::to_string()` and operate on that `String` instance.",
        "type": "string"
      },
      "VerifyCallbackMsg": {
        "type": "object",
        "required": [
          "block_hash",
          "callback_msg",
          "caller_address",
          "client_seed",
          "nonce",
          "rng_cnt",
          "signature"
        ],
        "properties": {
          "block_hash": {
            "type": "array",
            "items": {
              "type": "integer",
              "format": "uint8",
              "minimum": 0.0
            },
            "maxItems": 32,
            "minItems": 32
          },
          "callback_msg": {
            "type": "string"
          },
          "caller_address": {
            "$ref": "#/definitions/Addr"
          },
          "client_seed": {
            "type": "array",
            "items": {
              "type": "integer",
              "format": "uint8",
              "minimum": 0.0
            },
            "maxItems": 32,
            "minItems": 32
          },
          "nonce": {
            "type": "integer",
            "format": "uint64",
            "minimum": 0.0
          },
          "rng_cnt": {
            "type": "integer",
            "format": "uint8",
            "minimum": 0.0
          },
          "signature": {
            "type": "array",
            "items": {
              "type": "integer",
              "format": "uint8",
              "minimum": 0.0
            },
            "maxItems": 96,
            "minItems": 96
          }
        },
        "additionalProperties": false
      }
    }
  },
  "query": {
    "$schema": "http://json-schema.org/draft-07/schema#",
    "title": "QueryMsg",
    "oneOf": [
      {
        "description": "Returns the current Instance Id",
        "type": "object",
        "required": [
          "get_instance_id"
        ],
        "properties": {
          "get_instance_id": {
            "type": "object",
            "additionalProperties": false
          }
        },
        "additionalProperties": false
      },
      {
        "description": "Returns the current Bls Public Key",
        "type": "object",
        "required": [
          "get_bls_key"
        ],
        "properties": {
          "get_bls_key": {
            "type": "object",
            "additionalProperties": false
          }
        },
        "additionalProperties": false
      }
    ]
  },
  "migrate": null,
  "sudo": null,
  "responses": {
    "get_bls_key": {
      "$schema": "http://json-schema.org/draft-07/schema#",
      "title": "GetBlsKeyResponse",
      "type": "object",
      "required": [
        "bls_key"
      ],
      "properties": {
        "bls_key": {
          "type": "array",
          "items": {
            "type": "integer",
            "format": "uint8",
            "minimum": 0.0
          },
          "maxItems": 192,
          "minItems": 192
        }
      },
      "additionalProperties": false
    },
    "get_instance_id": {
      "$schema": "http://json-schema.org/draft-07/schema#",
      "title": "GetInstanceIdResponse",
      "type": "object",
      "required": [
        "instance_id"
      ],
      "properties": {
        "instance_id": {
          "type": "integer",
          "format": "uint64",
          "minimum": 0.0
        }
      },
      "additionalProperties": false
    }
  }
}
