{
    "committee":
    [
        {
            "committee_name": "Smr",
            "bootstrap_node": "smr-devnet-1",
            "node_list":
            [
                "smr-devnet-2",
                "smr-devnet-3",
                "smr-devnet-4"
            ],
            "threshold": 3
        },
        {
            "committee_name":
            {
                "OracleCommittee": 2
            },
            "bootstrap_node": "oracle-testnet-1",
            "node_list":
            [
                "oracle-testnet-2",
                "oracle-testnet-3",
                "oracle-testnet-4"
            ],
            "threshold": 3
        }
    ]
}