[
	{
		"inputs": [
			{
				"internalType": "string",
				"name": "_functionName",
				"type": "string"
			}
		],
		"name": "generate_callback_event",
		"outputs": [],
		"stateMutability": "nonpayable",
		"type": "function"
	},
	{
		"inputs": [
			{
				"internalType": "uint256",
				"name": "nonce_",
				"type": "uint256"
			},
			{
				"internalType": "string",
				"name": "_func",
				"type": "string"
			},
			{
				"internalType": "bytes32",
				"name": "_keccakhash",
				"type": "bytes32"
			},
			{
				"internalType": "bytes",
				"name": "_message",
				"type": "bytes"
			},
			{
				"internalType": "uint256[2]",
				"name": "_signature",
				"type": "uint256[2]"
			}
		],
		"name": "generate_rng_callback",
		"outputs": [
			{
				"internalType": "uint256",
				"name": "",
				"type": "uint256"
			},
			{
				"internalType": "bool",
				"name": "",
				"type": "bool"
			},
			{
				"internalType": "bytes",
				"name": "",
				"type": "bytes"
			}
		],
		"stateMutability": "nonpayable",
		"type": "function"
	},
	{
		"inputs": [
			{
				"internalType": "bytes32",
				"name": "_domain",
				"type": "bytes32"
			},
			{
				"internalType": "uint256[4]",
				"name": "_publicKey",
				"type": "uint256[4]"
			}
		],
		"stateMutability": "nonpayable",
		"type": "constructor"
	},
	{
		"anonymous": false,
		"inputs": [
			{
				"indexed": false,
				"internalType": "uint256",
				"name": "_timestamp",
				"type": "uint256"
			}
		],
		"name": "PublicKeyUpdated",
		"type": "event"
	},
	{
		"anonymous": false,
		"inputs": [
			{
				"indexed": false,
				"internalType": "uint256",
				"name": "nonce",
				"type": "uint256"
			},
			{
				"indexed": false,
				"internalType": "bytes32",
				"name": "keccakhash",
				"type": "bytes32"
			},
			{
				"indexed": false,
				"internalType": "string",
				"name": "functionName",
				"type": "string"
			}
		],
		"name": "RequestGenerated",
		"type": "event"
	},
	{
		"inputs": [
			{
				"internalType": "bytes32[]",
				"name": "_proof",
				"type": "bytes32[]"
			},
			{
				"internalType": "bytes32",
				"name": "_root",
				"type": "bytes32"
			},
			{
				"internalType": "bytes32",
				"name": "_resultantRoot",
				"type": "bytes32"
			},
			{
				"internalType": "uint256",
				"name": "nonce_",
				"type": "uint256"
			},
			{
				"internalType": "uint256[2]",
				"name": "_signature",
				"type": "uint256[2]"
			},
			{
				"internalType": "uint256[4]",
				"name": "_publicKey",
				"type": "uint256[4]"
			}
		],
		"name": "updatePublicKey",
		"outputs": [
			{
				"internalType": "bool",
				"name": "",
				"type": "bool"
			}
		],
		"stateMutability": "nonpayable",
		"type": "function"
	},
	{
		"inputs": [
			{
				"internalType": "uint256[4]",
				"name": "_publicKey",
				"type": "uint256[4]"
			}
		],
		"name": "combineKeccakHash",
		"outputs": [
			{
				"internalType": "bytes32",
				"name": "",
				"type": "bytes32"
			}
		],
		"stateMutability": "pure",
		"type": "function"
	},
	{
		"inputs": [
			{
				"internalType": "bytes32",
				"name": "_root",
				"type": "bytes32"
			},
			{
				"internalType": "bytes32",
				"name": "_resultantRoot",
				"type": "bytes32"
			},
			{
				"internalType": "uint256",
				"name": "nonce_",
				"type": "uint256"
			}
		],
		"name": "isCorrectBlock",
		"outputs": [
			{
				"internalType": "bool",
				"name": "",
				"type": "bool"
			}
		],
		"stateMutability": "pure",
		"type": "function"
	}
]